{
  "Accuracy": 0.7374024130589071,
  "F1-Score": 0.6137787056367432,
  "AUC-ROC": 0.8368041024051255,
  "PR-AUC": 0.6127379487725684
}