{
  "Accuracy": 0.6217175301632364,
  "F1-Score": 0.29027962716378164,
  "AUC-ROC": 0.5162533260998735,
  "PR-AUC": 0.2723402566824383
}