{
  "Accuracy": 0.7171239356669821,
  "F1-Score": 0.5685425685425686,
  "AUC-ROC": 0.7567659496230925,
  "PR-AUC": 0.4629368859392228
}