{
  "Accuracy": 0.7767265846736046,
  "F1-Score": 0.5461538461538461,
  "AUC-ROC": 0.8285668321382607,
  "PR-AUC": 0.5984185672808783
}