{
  "Accuracy": 0.7313150425733207,
  "F1-Score": 0.6203208556149733,
  "AUC-ROC": 0.8429697554697554,
  "PR-AUC": 0.6115920667322474
}