{
  "Accuracy": 0.7568590350047304,
  "F1-Score": 0.6146926536731634,
  "AUC-ROC": 0.8335861371575657,
  "PR-AUC": 0.5980375190603553
}